arm_x,arm_y,arm_z,arm_qx,arm_qy,arm_qz,arm_qw,arm_q0,arm_q1,arm_q2,arm_q3,arm_q4,arm_q5,arm_q6,hand_0,hand_1,hand_2,hand_3,hand_4,hand_5,hand_6,hand_7,hand_8,hand_9,hand_10,hand_11,hand_12,hand_13,hand_14,hand_15
0.1600937448,-0.4297894048,-0.7481092901,0.2867756205,0.2839817759,-0.60053704,-0.6902675988,-0.0193932323,1.7348211773,0.8272750001,1.6103527179,0.1117535683,-0.0095575392,-1.4308180032,0.0321675625,1.550468381,0.7515440255,0.7434850962,-0.0539484113,1.313929958,0.7337867717,0.1688088884,-0.1917256531,1.5316701725,0.6597843468,0.6683076733,1.5447449132,0.3716520667,-0.3067467796,1.6993684458
0.1600937448,-0.4297894048,-0.7481092901,0.2867756205,0.2839817759,-0.60053704,-0.6902675988,-0.0193931723,1.7348211773,0.8272750599,1.6103522985,0.1117537601,-0.0095574194,-1.4308180032,0.0321675625,1.550468381,0.7515440255,0.7434850962,-0.0539484113,1.313929958,0.7337867717,0.1688088884,-0.1917256531,1.5316701725,0.6597843468,0.6683076733,1.5447449132,0.3716520667,-0.3067467796,1.6993684458
0.1600940736,-0.4297894011,-0.7481091452,0.2867759145,0.2839822629,-0.6005368802,-0.6902674154,-0.019393472,1.7348211174,0.8272778763,1.6103524182,0.1117536643,-0.0095575392,-1.4308180032,0.0321871044,1.5505750104,0.7515172115,0.7434844937,-0.0539124201,1.3138973689,0.7337717955,0.1688088884,-0.1917297147,1.5316774838,0.6597158857,0.6683067483,1.5447272541,0.3716211483,-0.3068418609,1.6993843555
0.1600940736,-0.4297894011,-0.7481091452,0.2867759145,0.2839822629,-0.6005368802,-0.6902674154,-0.0193937116,1.7348212972,0.8272827298,1.6103522385,0.1117536643,-0.0095575392,-1.4308181231,0.0321871044,1.5505750104,0.7515172115,0.7434844937,-0.0539124201,1.3138973689,0.7337717955,0.1688088884,-0.1917297147,1.5316774838,0.6597158857,0.6683067483,1.5447272541,0.3716211483,-0.3068418609,1.6993843555
0.1600940736,-0.4297894011,-0.7481091452,0.2867759145,0.2839822629,-0.6005368802,-0.6902674154,-0.0193937715,1.7348212972,0.8272932161,1.6103519988,0.1117535683,-0.0095575392,-1.4308181231,0.0320945076,1.5505868829,0.7515510073,0.7434030565,-0.0539438331,1.3138856208,0.733743417,0.1688088884,-0.1917331189,1.5316436092,0.6597936084,0.6682872595,1.544655565,0.3715921265,-0.3068481126,1.6993902208
0.1600967102,-0.4297899016,-0.7481062791,0.2867799478,0.2839851987,-0.6005359736,-0.6902653206,-0.0193945506,1.7348213571,0.8272982494,1.6103522985,0.1117536643,-0.0095575992,-1.4308180032,0.0320945076,1.5505868829,0.7515510073,0.7434030565,-0.0539438331,1.3138856208,0.733743417,0.1688088884,-0.1917331189,1.5316436092,0.6597936084,0.6682872595,1.544655565,0.3715921265,-0.3068481126,1.6993902208
0.1600967102,-0.4297899016,-0.7481062791,0.2867799478,0.2839851987,-0.6005359736,-0.6902653206,-0.0193955093,1.7348216567,0.8273020244,1.6103517592,0.1117536643,-0.009557659,-1.4308181231,0.0319786093,1.5505865595,0.7515159185,0.7434046867,-0.0540080702,1.3138435495,0.7338018713,0.1688088884,-0.1918314315,1.5317083757,0.6597250977,0.6682081578,1.5447256083,0.371591973,-0.3067680887,1.6993494223
0.1601006036,-0.4297904533,-0.7481022852,0.2867859314,0.2839895374,-0.6005351637,-0.6902617543,-0.0193951498,1.7348211773,0.8273059193,1.6103521187,0.1117536643,-0.0095577189,-1.4308181231,0.0319786093,1.5505865595,0.7515159185,0.7434046867,-0.0540080702,1.3138435495,0.7338018713,0.1688088884,-0.1918314315,1.5317083757,0.6597250977,0.6682081578,1.5447256083,0.371591973,-0.3067680887,1.6993494223
0.1601006036,-0.4297904533,-0.7481022852,0.2867859314,0.2839895374,-0.6005351637,-0.6902617543,-0.0193948501,1.7348210575,0.8273087955,1.6103517592,0.1117536643,-0.009557659,-1.4308180032,0.0319786093,1.5505865595,0.7515159185,0.7434046867,-0.0540080702,1.3138435495,0.7338018713,0.1688088884,-0.1918314315,1.5317083757,0.6597250977,0.6682081578,1.5447256083,0.371591973,-0.3067680887,1.6993494223
0.1601026229,-0.4297908896,-0.7481000168,0.286789283,0.2839918847,-0.6005341509,-0.6902602771,-0.0193948501,1.7348208777,0.8273125107,1.6103525381,0.1117535683,-0.0095575992,-1.4308181231,0.0321460079,1.5505433609,0.7515472507,0.7434810872,-0.0540391536,1.3138716514,0.7338167992,0.1688088884,-0.1917067151,1.5315797455,0.6598134594,0.6683287302,1.5446738764,0.3716421459,-0.3067946852,1.6993819451
0.1601026229,-0.4297908896,-0.7481000168,0.286789283,0.2839918847,-0.6005341509,-0.6902602771,-0.0193979661,1.7348205182,0.8273045412,1.6103564329,0.1117535683,-0.0095575992,-1.4308181231,0.0321460079,1.5505433609,0.7515472507,0.7434810872,-0.0540391536,1.3138716514,0.7338167992,0.1688088884,-0.1917067151,1.5315797455,0.6598134594,0.6683287302,1.5446738764,0.3716421459,-0.3067946852,1.6993819451
0.1600776159,-0.4297892703,-0.7481252286,0.2867539963,0.2839607019,-0.6005422406,-0.6902807275,-0.0193979661,1.7348154848,0.8269281166,1.610370874,0.1117539519,-0.0095583182,-1.4308177037,0.0320849991,1.5506799126,0.7515000563,0.7434179081,-0.0539312546,1.3139042919,0.733728312,0.1688088884,-0.1917922275,1.5316656021,0.6597807413,0.6683343754,1.5446012997,0.3716436933,-0.3067159796,1.6993785064
0.1600776159,-0.4297892703,-0.7481252286,0.2867539963,0.2839607019,-0.6005422406,-0.6902807275,-0.0194667555,1.7348900866,0.8256235738,1.6103759073,0.111754527,-0.009559277,-1.4308177037,0.0320849991,1.5506799126,0.7515000563,0.7434179081,-0.0539312546,1.3139042919,0.733728312,0.1688088884,-0.1917922275,1.5316656021,0.6597807413,0.6683343754,1.5446012997,0.3716436933,-0.3067159796,1.6993785064
0.1592254808,-0.4295449554,-0.7490586391,0.2853862592,0.2830230928,-0.6009781503,-0.6908530052,-0.0197347827,1.7351085591,0.822600613,1.6103999357,0.1117557735,-0.009565329,-1.4308177037,0.0322042146,1.5506236506,0.75171584,0.7435918321,-0.0539119691,1.3138872204,0.7339092259,0.1688088884,-0.1915271158,1.5315511901,0.6599057099,0.6690283291,1.5447127876,0.3715326615,-0.3066917215,1.6994350105
0.1592254808,-0.4295449554,-0.7490586391,0.2853862592,0.2830230928,-0.6009781503,-0.6908530052,-0.020225357,1.7355640794,0.8170703127,1.6104283383,0.111757691,-0.0095700628,-1.4308173442,0.0322042146,1.5506236506,0.75171584,0.7435918321,-0.0539119691,1.3138872204,0.7339092259,0.1688088884,-0.1915271158,1.5315511901,0.6599057099,0.6690283291,1.5447127876,0.3715326615,-0.3066917215,1.6994350105
0.1592254808,-0.4295449554,-0.7490586391,0.2853862592,0.2830230928,-0.6009781503,-0.6908530052,-0.0210167352,1.7362706693,0.8083995462,1.6105286463,0.1117600878,-0.0095852228,-1.4308175239,0.0325191052,1.5506710003,0.7521871714,0.7448401492,-0.0537401682,1.3140362093,0.7338684202,0.1688088884,-0.1916477004,1.5324219144,0.6618310442,0.6721287152,1.5462361087,0.3689158094,-0.3066727827,1.69945035
0.1550278418,-0.4282317285,-0.7535310407,0.2786629992,0.2784682311,-0.6032944442,-0.6934249712,-0.0223022231,1.7373850824,0.7965960434,1.6106371035,0.1117659361,-0.0095978062,-1.4308173442,0.0325191052,1.5506710003,0.7521871714,0.7448401492,-0.0537401682,1.3140362093,0.7338684202,0.1688088884,-0.1916477004,1.5324219144,0.6618310442,0.6721287152,1.5462361087,0.3689158094,-0.3066727827,1.69945035
0.1550278418,-0.4282317285,-0.7535310407,0.2786629992,0.2784682311,-0.6032944442,-0.6934249712,-0.023787488,1.7384866124,0.7805898526,1.6108833794,0.1117745648,-0.0096287255,-1.4308172243,0.0326830071,1.5508265258,0.752554755,0.7459945052,-0.0533444385,1.3140942545,0.733994059,0.1688088884,-0.1915064595,1.5323360729,0.6699174511,0.6723124309,1.5489143924,0.3657246803,-0.3066106938,1.6994230735
0.1509824154,-0.4269375916,-0.7577106666,0.2722540544,0.2741593606,-0.6054780204,-0.6957806707,-0.025423155,1.7394959239,0.7609119351,1.6109622955,0.1117806047,-0.0096571281,-1.4308173442,0.0326830071,1.5508265258,0.752554755,0.7459945052,-0.0533444385,1.3140942545,0.733994059,0.1688088884,-0.1915064595,1.5323360729,0.6699174511,0.6723124309,1.5489143924,0.3657246803,-0.3066106938,1.6994230735
0.1509824154,-0.4269375916,-0.7577106666,0.2722540544,0.2741593606,-0.6054780204,-0.6957806707,-0.0267634706,1.7397323726,0.7378894601,1.611007476,0.1117830015,-0.0097546797,-1.4308173442,0.0326830071,1.5508265258,0.752554755,0.7459945052,-0.0533444385,1.3140942545,0.733994059,0.1688088884,-0.1915064595,1.5323360729,0.6699174511,0.6723124309,1.5489143924,0.3657246803,-0.3066106938,1.6994230735
0.1412787282,-0.4243436869,-0.7672527657,0.2575744374,0.2637676036,-0.6098768503,-0.7015214095,-0.0273350582,1.7390061885,0.7117681042,1.6108960227,0.1117831934,-0.0097613909,-1.4308176437,0.0320267334,1.5513576038,0.7534290771,0.7475957081,-0.0533856375,1.3142903206,0.7340835267,0.1688088884,-0.1920467479,1.5321828549,0.6726725585,0.6716102588,1.549225469,0.3668061747,-0.3065207396,1.6993879712
0.1412787282,-0.4243436869,-0.7672527657,0.2575744374,0.2637676036,-0.6098768503,-0.7015214095,-0.0268742049,1.7369049944,0.6831353342,1.6106360849,0.1117833852,-0.0097329883,-1.4308180032,0.0320267334,1.5513576038,0.7534290771,0.7475957081,-0.0533856375,1.3142903206,0.7340835267,0.1688088884,-0.1920467479,1.5321828549,0.6726725585,0.6716102588,1.549225469,0.3668061747,-0.3065207396,1.6993879712
0.1236951042,-0.4216358402,-0.7829314058,0.2332656734,0.2446251224,-0.6143909648,-0.7129301631,-0.0249641591,1.733353649,0.6524957457,1.6100387911,0.1117877953,-0.0097761914,-1.4308173442,0.0309786787,1.5514114273,0.7565743416,0.748304966,-0.0534354778,1.3142070359,0.7340952532,0.1688088884,-0.1918860689,1.5318577358,0.6733955429,0.6713502419,1.549103307,0.367508665,-0.3061861211,1.6993278716
0.1236951042,-0.4216358402,-0.7829314058,0.2332656734,0.2446251224,-0.6143909648,-0.7129301631,-0.0212253207,1.7283170389,0.6202680678,1.6087682236,0.1117700587,-0.0097782886,-1.4308184228,0.0309786787,1.5514114273,0.7565743416,0.748304966,-0.0534354778,1.3142070359,0.7340952532,0.1688088884,-0.1918860689,1.5318577358,0.6733955429,0.6713502419,1.549103307,0.367508665,-0.3061861211,1.6993278716
0.1036132681,-0.4203046429,-0.7993522698,0.2077127978,0.2228746891,-0.614794291,-0.7274683817,-0.0156149657,1.7217362613,0.586883133,1.6061503296,0.111745419,-0.009781045,-1.4308180632,0.0302662315,1.5515978659,0.7597311406,0.7471684246,-0.0534713874,1.3141831659,0.7340562676,0.1688088884,-0.1913272036,1.5320203197,0.673945419,0.6701747316,1.5484871487,0.3685047222,-0.3060805383,1.6992508836
0.1036132681,-0.4203046429,-0.7993522698,0.2077127978,0.2228746891,-0.614794291,-0.7274683817,-0.008024637,1.7135557096,0.5525151923,1.6015632476,0.1112212771,-0.0099206612,-1.4308176437,0.0302662315,1.5515978659,0.7597311406,0.7471684246,-0.0534713874,1.3141831659,0.7340562676,0.1688088884,-0.1913272036,1.5320203197,0.673945419,0.6701747316,1.5484871487,0.3685047222,-0.3060805383,1.6992508836
0.1036132681,-0.4203046429,-0.7993522698,0.2077127978,0.2228746891,-0.614794291,-0.7274683817,0.0014031729,1.7043458327,0.5174988451,1.5944133392,0.1069627545,-0.0100687264,-1.4308178835,0.0330309499,1.5515181754,0.7604653045,0.7429804254,-0.0510051102,1.3142750754,0.7341244574,0.1688088884,-0.183690615,1.5327911433,0.6765937805,0.6711347534,1.5526731442,0.3723902509,-0.3069086026,1.699178956
0.0818819061,-0.4187008554,-0.8184274541,0.1788509135,0.199968627,-0.6107756857,-0.7449684294,0.0127298834,1.6942329445,0.4818514086,1.5843667238,0.0943635951,-0.0104752912,-1.4308148874,0.0330309499,1.5515181754,0.7604653045,0.7429804254,-0.0510051102,1.3142750754,0.7341244574,0.1688088884,-0.183690615,1.5327911433,0.6765937805,0.6711347534,1.5526731442,0.3723902509,-0.3069086026,1.699178956
0.0818819061,-0.4187008554,-0.8184274541,0.1788509135,0.199968627,-0.6107756857,-0.7449684294,0.0257053235,1.6838675487,0.4456156665,1.5716662017,0.0667796486,-0.0115173794,-1.4308168049,0.0335283585,1.5514875273,0.7532665556,0.7406635245,-0.0367571385,1.3146016628,0.7336806507,0.1688088884,-0.1623271399,1.5391466681,0.6809086233,0.6728430677,1.5627292581,0.3741168061,-0.3081866145,1.6981624484
0.0712279734,-0.4126388535,-0.8411643107,0.1429421763,0.1808333757,-0.6133227818,-0.7554482046,0.0403087008,1.6734540363,0.4089647908,1.5561323093,0.0255944695,-0.0123619078,-1.4308150073,0.033263194,1.551487067,0.7526348384,0.7404331919,-0.0356046894,1.3145730043,0.7337126524,0.1688088884,-0.1605260629,1.5395833244,0.68106476,0.6727982811,1.5649106455,0.3738760556,-0.3085879862,1.6980698463
0.0712279734,-0.4126388535,-0.8411643107,0.1429421763,0.1808333757,-0.6133227818,-0.7554482046,0.0562915822,1.6633149625,0.3722306248,1.5379522402,-0.024773598,-0.0131222469,-1.4308218982,0.033263194,1.551487067,0.7526348384,0.7404331919,-0.0356046894,1.3145730043,0.7337126524,0.1688088884,-0.1605260629,1.5395833244,0.68106476,0.6727982811,1.5649106455,0.3738760556,-0.3085879862,1.6980698463
0.0849737647,-0.3977303566,-0.8674836735,0.0966220695,0.1668516503,-0.6369975561,-0.746363729,0.0734037371,1.6534065851,0.3353887206,1.5171993976,-0.0799391903,-0.0132955387,-1.4308145877,0.0472273242,1.5189276165,0.7631887152,0.7443242241,-0.0002659734,1.2824278024,0.7389496791,0.1688088884,-0.1273806758,1.5069284041,0.6927826256,0.6797844812,1.5714780251,0.3771208403,-0.3013273011,1.683372241
0.0849737647,-0.3977303566,-0.8674836735,0.0966220695,0.1668516503,-0.6369975561,-0.746363729,0.0913929574,1.64404343,0.2985036132,1.4939924854,-0.1364518095,-0.0132159635,-1.4308165652,0.0472273242,1.5189276165,0.7631887152,0.7443242241,-0.0002659734,1.2824278024,0.7389496791,0.1688088884,-0.1273806758,1.5069284041,0.6927826256,0.6797844812,1.5714780251,0.3771208403,-0.3013273011,1.683372241
0.1028762941,-0.376611559,-0.8936784719,0.0499253609,0.1547054623,-0.6642898303,-0.7295839222,0.1100535341,1.6349616047,0.2617009573,1.4686789261,-0.191937141,-0.0132301049,-1.4308187823,0.0473359224,1.3324445112,0.7861962772,0.7552365867,0.0384523915,1.1131156944,0.7633319568,0.1688088884,-0.0412526561,1.3184326443,0.7831415935,0.7007366594,1.4727554245,0.3987866939,-0.199015667,1.5913019966
0.1028762941,-0.376611559,-0.8936784719,0.0499253609,0.1547054623,-0.6642898303,-0.7295839222,0.1292749726,1.6265167408,0.2247593445,1.4416693595,-0.2428024098,-0.0127212547,-1.4308383166,0.0473359224,1.3324445112,0.7861962772,0.7552365867,0.0384523915,1.1131156944,0.7633319568,0.1688088884,-0.0412526561,1.3184326443,0.7831415935,0.7007366594,1.4727554245,0.3987866939,-0.199015667,1.5913019966
0.1141883158,-0.3450752558,-0.9276872996,-0.0104987287,0.1357843938,-0.691743875,-0.7091845927,0.1486033103,1.6185682636,0.1877281494,1.413466104,-0.2767498841,-0.0116480674,-1.4308283696,0.0240610588,1.0418509026,0.8188690531,0.7533288316,0.0403729243,0.8349512377,0.7934312737,0.1688088884,0.0550171691,1.0080517572,0.8779355153,0.7286617077,1.2592935443,0.4234707129,-0.0445991752,1.4120693402
0.1141883158,-0.3450752558,-0.9276872996,-0.0104987287,0.1357843938,-0.691743875,-0.7091845927,0.1677892753,1.6110863322,0.1502429919,1.3842545558,-0.2913038146,-0.0102600545,-1.4308434698,0.0240610588,1.0418509026,0.8188690531,0.7533288316,0.0403729243,0.8349512377,0.7934312737,0.1688088884,0.0550171691,1.0080517572,0.8779355153,0.7286617077,1.2592935443,0.4234707129,-0.0445991752,1.4120693402
0.1141883158,-0.3450752558,-0.9276872996,-0.0104987287,0.1357843938,-0.691743875,-0.7091845927,0.1863615283,1.6044739162,0.1124422299,1.3542740397,-0.2918021664,-0.0091005808,-1.4308399344,0.0021244612,0.7630542239,0.8300317602,0.7551686063,0.0185011795,0.5636325415,0.8091677029,0.1688088884,0.085173613,0.7235551942,0.9249803418,0.7480318432,1.0106019097,0.4287539728,0.0747246948,1.2291392512
0.0914802423,-0.3215218674,-0.9570697597,-0.0611297066,0.1163291442,-0.6869727615,-0.7147021156,0.2039249492,1.5983443447,0.0742123127,1.3238211656,-0.2842546934,-0.0084807566,-1.4308445484,0.0021244612,0.7630542239,0.8300317602,0.7551686063,0.0185011795,0.5636325415,0.8091677029,0.1688088884,0.085173613,0.7235551942,0.9249803418,0.7480318432,1.0106019097,0.4287539728,0.0747246948,1.2291392512
0.0914802423,-0.3215218674,-0.9570697597,-0.0611297066,0.1163291442,-0.6869727615,-0.7147021156,0.2200215608,1.5930415649,0.0356420437,1.2937688042,-0.2730076421,-0.0081357308,-1.4308435297,-0.0326789736,0.4251219321,0.8288940053,0.7512733061,-0.0109065816,0.2331698078,0.811996898,0.1688088884,0.0906996331,0.4114324528,0.9272378374,0.7626371281,0.7973797804,0.4283023106,0.15457915,0.9947943201
0.046555089,-0.2979399478,-0.9848155183,-0.1149585335,0.0945297223,-0.6643270092,-0.7324740897,0.2343811789,1.5886811046,-0.0033721212,1.2649490202,-0.2609176684,-0.0077426482,-1.4308447282,-0.0326789736,0.4251219321,0.8288940053,0.7512733061,-0.0109065816,0.2331698078,0.811996898,0.1688088884,0.0906996331,0.4114324528,0.9272378374,0.7626371281,0.7973797804,0.4283023106,0.15457915,0.9947943201
0.046555089,-0.2979399478,-0.9848155183,-0.1149585335,0.0945297223,-0.6643270092,-0.7324740897,0.2467221143,1.5853232447,-0.042775294,1.2386018815,-0.2502092362,-0.0074665915,-1.4308431102,-0.0326789736,0.4251219321,0.8288940053,0.7512733061,-0.0109065816,0.2331698078,0.811996898,0.1688088884,0.0906996331,0.4114324528,0.9272378374,0.7626371281,0.7973797804,0.4283023106,0.15457915,0.9947943201
0.0007769791,-0.2747405962,-1.0037215628,-0.166182123,0.0705151233,-0.6454583045,-0.7421554396,0.2572350359,1.5830777005,-0.0827369315,1.2154746045,-0.2418957314,-0.0070775237,-1.4308414324,-0.0527078875,0.0758222578,0.8269549353,0.7509921887,-0.0312665565,-0.0558051357,0.8120092434,0.1688088884,0.0893367781,0.1095808102,0.926406996,0.7634343336,0.7506843692,0.4391151504,0.1594583065,0.8007321597
0.0007769791,-0.2747405962,-1.0037215628,-0.166182123,0.0705151233,-0.6454583045,-0.7421554396,0.2664528224,1.5819377611,-0.122916023,1.1965691901,-0.2362144419,-0.0065245715,-1.4308412527,-0.0527078875,0.0758222578,0.8269549353,0.7509921887,-0.0312665565,-0.0558051357,0.8120092434,0.1688088884,0.0893367781,0.1095808102,0.926406996,0.7634343336,0.7506843692,0.4391151504,0.1594583065,0.8007321597
-0.0200736515,-0.2653642544,-1.0088880832,-0.1895157879,0.05643336,-0.6399064314,-0.7425757881,0.2744095088,1.5819460302,-0.1627610541,1.182272609,-0.233012161,-0.0055669721,-1.4308402341,-0.0546879623,-0.1161955462,0.824334378,0.752096325,-0.0332189018,-0.16495879,0.811976737,0.1688088884,0.0884465134,-0.0601755132,0.925941471,0.764478374,0.7642109126,0.4435408814,0.1591583624,0.718374328
-0.0200736515,-0.2653642544,-1.0088880832,-0.1895157879,0.05643336,-0.6399064314,-0.7425757881,0.2811904828,1.5829805085,-0.2023437506,1.1726465799,-0.2318037676,-0.0043823314,-1.4308402341,-0.0546879623,-0.1161955462,0.824334378,0.752096325,-0.0332189018,-0.16495879,0.811976737,0.1688088884,0.0884465134,-0.0601755132,0.925941471,0.764478374,0.7642109126,0.4435408814,0.1591583624,0.718374328
-0.0200736515,-0.2653642544,-1.0088880832,-0.1895157879,0.05643336,-0.6399064314,-0.7425757881,0.2866929199,1.5848574778,-0.2414921986,1.1672243773,-0.2318311876,-0.00351737,-1.4308398745,-0.0549494656,-0.1783489956,0.8234525699,0.7548390751,-0.033300421,-0.1851820014,0.811964761,0.1688088884,0.0885650941,-0.124891808,0.9165942879,0.7584369361,0.7736678701,0.4455143379,0.1591357624,0.6923995746
-0.0534731681,-0.2552511249,-1.0108081293,-0.2254376806,0.0272793217,-0.6352092179,-0.7382025063,0.2909123258,1.5872817666,-0.2800902111,1.1655224976,-0.2321655953,-0.0030642464,-1.4308405936,-0.0549494656,-0.1783489956,0.8234525699,0.7548390751,-0.033300421,-0.1851820014,0.811964761,0.1688088884,0.0885650941,-0.124891808,0.9165942879,0.7584369361,0.7736678701,0.4455143379,0.1591357624,0.6923995746
-0.0534731681,-0.2552511249,-1.0108081293,-0.2254376806,0.0272793217,-0.6352092179,-0.7382025063,0.2942758184,1.5901941131,-0.3186694085,1.1667116921,-0.2329439947,-0.0032509607,-1.4308407734,-0.0527235736,-0.161300545,0.8247793549,0.7611284217,-0.0262063258,-0.1755711739,0.8162313536,0.1688088884,0.0967543864,-0.0950359608,0.9262787832,0.7662931055,0.7744363574,0.446302222,0.1593874652,0.6969329474
-0.0866960531,-0.2568157784,-1.0030526395,-0.2554879577,-0.0106150679,-0.63401277,-0.7298226026,0.2969832345,1.5931857352,-0.3567189032,1.1703044429,-0.2340167268,-0.0032957218,-1.4308407734,-0.0527235736,-0.161300545,0.8247793549,0.7611284217,-0.0262063258,-0.1755711739,0.8162313536,0.1688088884,0.0967543864,-0.0950359608,0.9262787832,0.7662931055,0.7744363574,0.446302222,0.1593874652,0.6969329474
-0.0866960531,-0.2568157784,-1.0030526395,-0.2554879577,-0.0106150679,-0.63401277,-0.7298226026,0.2989482879,1.5964284267,-0.3943659076,1.1753564529,-0.2350085412,-0.0036602219,-1.4308382566,-0.053091246,-0.1291820151,0.8247590679,0.7592546126,-0.0293518519,-0.151833492,0.8177981056,0.1688088884,0.0947199696,-0.0633545928,0.9267248949,0.7663103711,0.7856461126,0.4462152183,0.1594157444,0.7002708239
-0.1112747411,-0.2649176451,-0.9915272338,-0.2740977506,-0.0435808555,-0.6334461204,-0.7222998994,0.300335342,1.5995845323,-0.4315718926,1.1816727386,-0.2358790753,-0.0044398557,-1.4308392753,-0.053091246,-0.1291820151,0.8247590679,0.7592546126,-0.0293518519,-0.151833492,0.8177981056,0.1688088884,0.0947199696,-0.0633545928,0.9267248949,0.7663103711,0.7856461126,0.4462152183,0.1594157444,0.7002708239
-0.1112747411,-0.2649176451,-0.9915272338,-0.2740977506,-0.0435808555,-0.6334461204,-0.7222998994,0.3010499015,1.6025837043,-0.4682916776,1.1888034723,-0.236583556,-0.0054716975,-1.4308407734,-0.053091246,-0.1291820151,0.8247590679,0.7592546126,-0.0293518519,-0.151833492,0.8177981056,0.1688088884,0.0947199696,-0.0633545928,0.9267248949,0.7663103711,0.7856461126,0.4462152183,0.1594157444,0.7002708239
-0.1400486072,-0.2801257387,-0.9725847759,-0.2929004635,-0.0858759955,-0.631729941,-0.7125671292,0.3011722605,1.6053133513,-0.5044728315,1.1963175214,-0.2370290815,-0.0063640429,-1.4308415523,-0.0528901856,-0.0964127512,0.8247277176,0.7608376549,-0.0290587831,-0.1320179838,0.8188795249,0.1688088884,0.0906030157,-0.0243548283,0.9270820678,0.7661676647,0.8009260946,0.4463341018,0.1592355689,0.7018790704
-0.1400486072,-0.2801257387,-0.9725847759,-0.2929004635,-0.0858759955,-0.631729941,-0.7125671292,0.3010671588,1.6076867672,-0.5401934317,1.2040753296,-0.2372400998,-0.0072861691,-1.4308429305,-0.0528901856,-0.0964127512,0.8247277176,0.7608376549,-0.0290587831,-0.1320179838,0.8188795249,0.1688088884,0.0906030157,-0.0243548283,0.9270820678,0.7661676647,0.8009260946,0.4463341018,0.1592355689,0.7018790704
-0.1614645935,-0.2933700161,-0.9554190324,-0.3059007701,-0.1191024026,-0.6293076813,-0.7044225854,0.3007800167,1.609747155,-0.575420941,1.211323988,-0.2373027053,-0.0079149813,-1.4308415523,-0.0524664886,-0.0854226704,0.8247359833,0.7613425218,-0.0283413734,-0.1203281994,0.8195220598,0.1688088884,0.0899609528,-0.0021862617,0.9274381122,0.7668537093,0.8391836825,0.4471231305,0.1591814881,0.7023694868
-0.1614645935,-0.2933700161,-0.9554190324,-0.3059007701,-0.1191024026,-0.6293076813,-0.7044225854,0.300510192,1.6114293806,-0.6102974922,1.2181393568,-0.2373243729,-0.0084306625,-1.4308405936,-0.0524664886,-0.0854226704,0.8247359833,0.7613425218,-0.0283413734,-0.1203281994,0.8195220598,0.1688088884,0.0899609528,-0.0021862617,0.9274381122,0.7668537093,0.8391836825,0.4471231305,0.1591814881,0.7023694868
-0.1614645935,-0.2933700161,-0.9554190324,-0.3059007701,-0.1191024026,-0.6293076813,-0.7044225854,0.3002698483,1.6126893421,-0.6448789319,1.2244389246,-0.2373313716,-0.0090789492,-1.4308392153,-0.0525000567,-0.0852335695,0.8248008811,0.7620665942,-0.0282474052,-0.1197493983,0.819577319,0.1688088884,0.0901046739,0.0026361652,0.9275331723,0.7668510785,0.8810328874,0.4476121262,0.1595587289,0.703336694
-0.1862876598,-0.3087541458,-0.9331014711,-0.3214947304,-0.1589404841,-0.6248624727,-0.6934882487,0.2999688046,1.6136824149,-0.6791945615,1.2300100312,-0.2373469031,-0.0096322608,-1.4308423912,-0.0525000567,-0.0852335695,0.8248008811,0.7620665942,-0.0282474052,-0.1197493983,0.819577319,0.1688088884,0.0901046739,0.0026361652,0.9275331723,0.7668510785,0.8810328874,0.4476121262,0.1595587289,0.703336694
-0.1862876598,-0.3087541458,-0.9331014711,-0.3214947304,-0.1589404841,-0.6248624727,-0.6934882487,0.2996186854,1.6142777912,-0.7132510921,1.2349285369,-0.2373377951,-0.0100923352,-1.4308411329,-0.0525840654,-0.0852099529,0.8248074508,0.7621366392,-0.0273906629,-0.1195676067,0.8198140899,0.1688088884,0.0916283942,0.0029275677,0.9274709356,0.7668003551,0.9115907865,0.4492847325,0.159241818,0.7044878178
-0.2047078464,-0.3201476314,-0.9148770979,-0.3338547116,-0.1895916991,-0.6205089344,-0.6837870147,0.2991977995,1.6145278421,-0.7471911961,1.2391772442,-0.2373394249,-0.0104827214,-1.4308410729,-0.0525840654,-0.0852099529,0.8248074508,0.7621366392,-0.0273906629,-0.1195676067,0.8198140899,0.1688088884,0.0916283942,0.0029275677,0.9274709356,0.7668003551,0.9115907865,0.4492847325,0.159241818,0.7044878178
-0.2047078464,-0.3201476314,-0.9148770979,-0.3338547116,-0.1895916991,-0.6205089344,-0.6837870147,0.2988099899,1.6144867362,-0.7809852722,1.2427726315,-0.2373414383,-0.0108789199,-1.4308401142,-0.0525734784,-0.0850533096,0.8247921681,0.7622119991,-0.027381332,-0.1194278208,0.8200425785,0.1688088884,0.092066652,0.003370771,0.9274510968,0.7667750769,0.9287339645,0.4506852151,0.1592834816,0.7061181845
-0.2239489983,-0.3319174343,-0.894192651,-0.3478934281,-0.2228058265,-0.6150720501,-0.6715758331,0.2985602987,1.6142949286,-0.8147120568,1.2457342331,-0.237359942,-0.0111996177,-1.4308441889,-0.0525814883,-0.0851101154,0.8247600312,0.7623958809,-0.0274132401,-0.1194434044,0.8199770159,0.1688088884,0.0913744081,0.0033581706,0.92742841,0.7668033626,0.9298677657,0.4508898876,0.1592622713,0.7061555815
-0.2239489983,-0.3319174343,-0.894192651,-0.3478934281,-0.2228058265,-0.6150720501,-0.6715758331,0.2984382992,1.6139699764,-0.8483877289,1.2479905031,-0.2373551482,-0.011418929,-1.4308405936,-0.0525814883,-0.0851101154,0.8247600312,0.7623958809,-0.0274132401,-0.1194434044,0.8199770159,0.1688088884,0.0913744081,0.0033581706,0.92742841,0.7668033626,0.9298677657,0.4508898876,0.1592622713,0.7061555815
-0.2416669274,-0.342561201,-0.8733025375,-0.3623055452,-0.2547938453,-0.6088966834,-0.6580726535,0.2984071402,1.6135074452,-0.8820173215,1.2496954389,-0.2373694334,-0.0116283533,-1.4308409531,-0.0524818462,-0.0845850523,0.8247349836,0.7617719526,-0.0272817937,-0.1195952191,0.8201540636,0.1688088884,0.092376871,0.00366844,0.9275578877,0.7667257204,0.9362447567,0.4516646021,0.1592131608,0.7073392378
-0.2416669274,-0.342561201,-0.8733025375,-0.3623055452,-0.2547938453,-0.6088966834,-0.6580726535,0.298380775,1.6129453252,-0.9156060479,1.2510047154,-0.2373883207,-0.0117917583,-1.4308417321,-0.0524818462,-0.0845850523,0.8247349836,0.7617719526,-0.0272817937,-0.1195952191,0.8201540636,0.1688088884,0.092376871,0.00366844,0.9275578877,0.7667257204,0.9362447567,0.4516646021,0.1592131608,0.7073392378
-0.2594547918,-0.3533628933,-0.8498102908,-0.3785734046,-0.2889456175,-0.6013274918,-0.6415589257,0.2983667534,1.6123015326,-0.9486852651,1.2519304368,-0.2374016471,-0.0119147764,-1.4308425111,-0.0523839562,-0.0846919265,0.8247494185,0.7618382252,-0.0267746905,-0.1195255368,0.8204084735,0.1688088884,0.095224098,0.0037195959,0.927368416,0.7667726033,0.9366686601,0.455615238,0.1596523333,0.7086121353
-0.2594547918,-0.3533628933,-0.8498102908,-0.3785734046,-0.2889456175,-0.6013274918,-0.6415589257,0.298433146,1.6118532626,-0.9806587577,1.2524799735,-0.2374270537,-0.0120088525,-1.4308428706,-0.0523839562,-0.0846919265,0.8247494185,0.7618382252,-0.0267746905,-0.1195255368,0.8204084735,0.1688088884,0.095224098,0.0037195959,0.927368416,0.7667726033,0.9366686601,0.455615238,0.1596523333,0.7086121353
-0.2594547918,-0.3533628933,-0.8498102908,-0.3785734046,-0.2889456175,-0.6013274918,-0.6415589257,0.2987168725,1.6117127476,-1.0106806193,1.2528132548,-0.2374596507,-0.0122551283,-1.4308417321,-0.0518563577,-0.0831260271,0.8248058881,0.7615734472,-0.0236906392,-0.1194156233,0.8209066019,0.1688088884,0.0974594827,0.0052473592,0.927461686,0.7665381479,0.9372892191,0.45865197,0.1593108153,0.7093486056
-0.2728344202,-0.3618955394,-0.829426237,-0.3923984433,-0.3167380084,-0.5940998558,-0.6266943888,0.2993081742,1.611951054,-1.0382621331,1.2527675949,-0.2374918642,-0.0123620876,-1.4308425709,-0.0518563577,-0.0831260271,0.8248058881,0.7615734472,-0.0236906392,-0.1194156233,0.8209066019,0.1688088884,0.0974594827,0.0052473592,0.927461686,0.7665381479,0.9372892191,0.45865197,0.1593108153,0.7093486056
-0.2728344202,-0.3618955394,-0.829426237,-0.3923984433,-0.3167380084,-0.5940998558,-0.6266943888,0.3001761916,1.6126616586,-1.0628725778,1.2525691362,-0.2375432527,-0.0124802519,-1.4308425709,-0.0516607727,-0.0820485364,0.824985742,0.7619235652,-0.0213894893,-0.1169449299,0.8216090728,0.1688088884,0.0969300416,0.0089297787,0.9274733858,0.7664789379,0.9379892119,0.4611330766,0.1592393518,0.7094480628
-0.2836215714,-0.3684016249,-0.810602455,-0.4054791255,-0.3408552481,-0.5861875411,-0.6130159421,0.3011730993,1.6139934654,-1.0838936273,1.2522030181,-0.2376085426,-0.0125243539,-1.4308423912,-0.0516607727,-0.0820485364,0.824985742,0.7619235652,-0.0213894893,-0.1169449299,0.8216090728,0.1688088884,0.0969300416,0.0089297787,0.9274733858,0.7664789379,0.9379892119,0.4611330766,0.1592393518,0.7094480628
-0.2836215714,-0.3684016249,-0.810602455,-0.4054791255,-0.3408552481,-0.5861875411,-0.6130159421,0.3022104539,1.615997947,-1.1009655752,1.2518185642,-0.237691857,-0.0126178309,-1.4308429305,-0.0516607727,-0.0820485364,0.824985742,0.7619235652,-0.0213894893,-0.1169449299,0.8216090728,0.1688088884,0.0969300416,0.0089297787,0.9274733858,0.7664789379,0.9379892119,0.4611330766,0.1592393518,0.7094480628
-0.289424756,-0.370961265,-0.7989070197,-0.4142902864,-0.354295143,-0.5800878436,-0.6052574692,0.3031381527,1.6186459213,-1.1138010995,1.251397738,-0.2377910865,-0.0127411485,-1.4308429305,-0.0514392267,-0.0746055841,0.8251798519,0.7613064628,-0.0201479334,-0.1026201334,0.8218206388,0.1688088884,0.0983236955,0.0334506997,0.9275339541,0.7659865952,0.9416254992,0.4670777958,0.1594160696,0.709574609
-0.289424756,-0.370961265,-0.7989070197,-0.4142902864,-0.354295143,-0.5800878436,-0.6052574692,0.3042142762,1.6219609976,-1.1221472733,1.2510364736,-0.2378579104,-0.0129785561,-1.4308427507,-0.0514392267,-0.0746055841,0.8251798519,0.7613064628,-0.0201479334,-0.1026201334,0.8218206388,0.1688088884,0.0983236955,0.0334506997,0.9275339541,0.7659865952,0.9416254992,0.4670777958,0.1594160696,0.709574609
-0.289424756,-0.370961265,-0.7989070197,-0.4142902864,-0.354295143,-0.5800878436,-0.6052574692,0.3052548664,1.6258381341,-1.1266990616,1.2505645349,-0.2379125586,-0.0131549638,-1.4308423912,-0.0513195749,-0.0505146553,0.8252388081,0.7621394303,-0.019647647,-0.0712871282,0.8223408581,0.1688088884,0.0973504833,0.0618852166,0.927517061,0.7648032121,0.9452796934,0.4683650228,0.1592508309,0.7093967453
-0.2918650666,-0.3701192274,-0.7932629907,-0.4199663072,-0.3590445674,-0.5755330772,-0.6028905179,0.3062530924,1.6299831779,-1.1277713501,1.2500945135,-0.2379351847,-0.0131987661,-1.4308422714,-0.0513195749,-0.0505146553,0.8252388081,0.7621394303,-0.019647647,-0.0712871282,0.8223408581,0.1688088884,0.0973504833,0.0618852166,0.927517061,0.7648032121,0.9452796934,0.4683650228,0.1592508309,0.7093967453
-0.2918650666,-0.3701192274,-0.7932629907,-0.4199663072,-0.3590445674,-0.5755330772,-0.6028905179,0.307127881,1.6342317653,-1.1264885588,1.249718149,-0.2379385404,-0.013213327,-1.4308422714,-0.0516816015,-0.0344849616,0.8251395719,0.7621694468,-0.0197507743,-0.0495888231,0.8223359692,0.1688088884,0.0977422829,0.0737539425,0.9276426549,0.7662713776,0.9481978317,0.4698543533,0.1594805102,0.7095790574
-0.2919691469,-0.3670621615,-0.7925996638,-0.4229110245,-0.3574784534,-0.5729828329,-0.6041904451,0.307670227,1.6384068895,-1.1231827702,1.2493094869,-0.2379382528,-0.0132089527,-1.4308422714,-0.0516816015,-0.0344849616,0.8251395719,0.7621694468,-0.0197507743,-0.0495888231,0.8223359692,0.1688088884,0.0977422829,0.0737539425,0.9276426549,0.7662713776,0.9481978317,0.4698543533,0.1594805102,0.7095790574
-0.2919691469,-0.3670621615,-0.7925996638,-0.4229110245,-0.3574784534,-0.5729828329,-0.6041904451,0.307909552,1.6424233426,-1.1185543427,1.2490027507,-0.237936527,-0.0132084134,-1.4308419717,-0.0516816015,-0.0344849616,0.8251395719,0.7621694468,-0.0197507743,-0.0495888231,0.8223359692,0.1688088884,0.0977422829,0.0737539425,0.9276426549,0.7662713776,0.9481978317,0.4698543533,0.1594805102,0.7095790574
-0.290755065,-0.3626871278,-0.7946256774,-0.424628215,-0.3520905532,-0.5716843223,-0.6073715148,0.3078362086,1.6461050763,-1.1128985076,1.2487040439,-0.2379356641,-0.0132013428,-1.4308420916,-0.0515441753,-0.0330176676,0.8251304349,0.7622233068,-0.019844728,-0.0464655308,0.8221604462,0.1688088884,0.0916030962,0.0732802215,0.9276081967,0.7661739732,0.9484661074,0.4694224034,0.1594524861,0.7097036679
-0.290755065,-0.3626871278,-0.7946256774,-0.424628215,-0.3520905532,-0.5716843223,-0.6073715148,0.307544932,1.6493462099,-1.1063545216,1.2483105418,-0.2379329796,-0.0131994253,-1.4308419119,-0.0515441753,-0.0330176676,0.8251304349,0.7622233068,-0.019844728,-0.0464655308,0.8221604462,0.1688088884,0.0916030962,0.0732802215,0.9276081967,0.7661739732,0.9484661074,0.4694224034,0.1594524861,0.7097036679
-0.2889673769,-0.3588085681,-0.7979179776,-0.4249865236,-0.3456723978,-0.5718026768,-0.6106871105,0.3071127209,1.6520850247,-1.0995854718,1.2478968463,-0.2379293364,-0.0131972682,-1.4308419119,-0.0515900433,-0.0334194288,0.8250585061,0.7622883712,-0.0202160378,-0.0465660734,0.8223408734,0.1688088884,0.0899958208,0.0728723244,0.9278685283,0.7663034996,0.9482373453,0.4691810297,0.1594395485,0.7095259674
-0.2889673769,-0.3588085681,-0.7979179776,-0.4249865236,-0.3456723978,-0.5718026768,-0.6106871105,0.306519382,1.6544420222,-1.0930887037,1.2473447331,-0.237925118,-0.0131219473,-1.4308419119,-0.0515900433,-0.0334194288,0.8250585061,0.7622883712,-0.0202160378,-0.0465660734,0.8223408734,0.1688088884,0.0899958208,0.0728723244,0.9278685283,0.7663034996,0.9482373453,0.4691810297,0.1594395485,0.7095259674
-0.2865086936,-0.354486972,-0.8027531301,-0.4247017017,-0.3374632616,-0.5730960464,-0.6142539648,0.305674554,1.6561343744,-1.0865600575,1.2467306614,-0.2379202284,-0.0128887342,-1.4308417321,-0.0518847427,-0.0343965791,0.8251459159,0.7622608343,-0.0205466904,-0.0465117437,0.8221664711,0.1688088884,0.0896920985,0.0723826642,0.9276399023,0.7663222071,0.9481605362,0.469038676,0.1592846241,0.7095576724
-0.2865086936,-0.354486972,-0.8027531301,-0.4247017017,-0.3374632616,-0.5730960464,-0.6142539648,0.3046065797,1.6573172175,-1.0804615851,1.2461141929,-0.2379116957,-0.0125017038,-1.4308419119,-0.0518847427,-0.0343965791,0.8251459159,0.7622608343,-0.0205466904,-0.0465117437,0.8221664711,0.1688088884,0.0896920985,0.0723826642,0.9276399023,0.7663222071,0.9481605362,0.469038676,0.1592846241,0.7095576724
-0.2865086936,-0.354486972,-0.8027531301,-0.4247017017,-0.3374632616,-0.5730960464,-0.6142539648,0.3033569846,1.6580186542,-1.0750389629,1.2455388303,-0.2378989445,-0.0121223431,-1.4308419717,-0.0518010383,-0.033894759,0.825153288,0.7623219842,-0.0207449032,-0.0465401708,0.8222441827,0.1688088884,0.0897443856,0.0725024513,0.9276778758,0.7664688805,0.9481425147,0.4689486776,0.1590372275,0.7094881114
-0.2844186338,-0.3512960347,-0.8071986634,-0.424095151,-0.3308007854,-0.5752684253,-0.6162632409,0.3018093419,1.6581599482,-1.0699719728,1.2449021084,-0.2378880149,-0.011808656,-1.4308417321,-0.0518010383,-0.033894759,0.825153288,0.7623219842,-0.0207449032,-0.0465401708,0.8222441827,0.1688088884,0.0897443856,0.0725024513,0.9276778758,0.7664688805,0.9481425147,0.4689486776,0.1590372275,0.7094881114
-0.2844186338,-0.3512960347,-0.8071986634,-0.424095151,-0.3308007854,-0.5752684253,-0.6162632409,0.3001443136,1.6579343452,-1.0653759626,1.2442419574,-0.2378739214,-0.0116382403,-1.430841792,-0.0521790597,-0.0342206501,0.8249827296,0.7623549542,-0.0210474346,-0.046486541,0.822205422,0.1688088884,0.0894504094,0.0725429474,0.927687864,0.7662752619,0.9481692356,0.4689916596,0.159326284,0.709547196
-0.2825277193,-0.349233929,-0.8114721151,-0.4230543919,-0.324908521,-0.5783227672,-0.6172537658,0.29843009,1.6574036237,-1.0613907884,1.2436019998,-0.2378655804,-0.0114878982,-1.4308419119,-0.0522042363,-0.03468035,0.8249622437,0.7622707527,-0.0211348118,-0.0464863862,0.8221886275,0.1688088884,0.0894883107,0.0724895423,0.9276583459,0.766239847,0.9481723183,0.4689037965,0.1593231029,0.7095311214
-0.2825277193,-0.349233929,-0.8114721151,-0.4230543919,-0.324908521,-0.5783227672,-0.6172537658,0.296656185,1.6565764126,-1.0580723564,1.2429464626,-0.2378622249,-0.0113174226,-1.4308420916,-0.0522042363,-0.03468035,0.8249622437,0.7622707527,-0.0211348118,-0.0464863862,0.8221886275,0.1688088884,0.0894883107,0.0724895423,0.9276583459,0.766239847,0.9481723183,0.4689037965,0.1593231029,0.7095311214
-0.2817997473,-0.3486549725,-0.8132486039,-0.4225435807,-0.3226376565,-0.5799105304,-0.6173051447,0.2948104347,1.6554201746,-1.0552455774,1.2423165718,-0.2378595404,-0.0111816413,-1.4308422114,-0.0520208841,-0.0340519054,0.8249542313,0.7623282118,-0.0214061578,-0.0465408208,0.8221719611,0.1688088884,0.0895908379,0.0724315247,0.9275326849,0.7663159658,0.9481642306,0.4686164151,0.1593454385,0.7096714549
-0.2817997473,-0.3486549725,-0.8132486039,-0.4225435807,-0.3226376565,-0.5799105304,-0.6173051447,0.2928066123,1.6540590064,-1.0528959503,1.2417227535,-0.2378576229,-0.0110487962,-1.4308419119,-0.0520208841,-0.0340519054,0.8249542313,0.7623282118,-0.0214061578,-0.0465408208,0.8221719611,0.1688088884,0.0895908379,0.0724315247,0.9275326849,0.7663159658,0.9481642306,0.4686164151,0.1593454385,0.7096714549
-0.2808090224,-0.3482817975,-0.8159265309,-0.4216089367,-0.3195482142,-0.5828772769,-0.6167567782,0.2907305851,1.6524636064,-1.0509357505,1.241221693,-0.2378564724,-0.010949507,-1.4308419119,-0.051941488,-0.0338068386,0.8250610924,0.7623294566,-0.0214524841,-0.046573351,0.8221746421,0.1688088884,0.0894611958,0.0723535945,0.9277496127,0.7663103011,0.9479079322,0.4684310207,0.1591383093,0.7095214874
-0.2808090224,-0.3482817975,-0.8159265309,-0.4216089367,-0.3195482142,-0.5828772769,-0.6167567782,0.2886337652,1.6507291295,-1.0494097992,1.2407731834,-0.2378543632,-0.0108768825,-1.4308419119,-0.051941488,-0.0338068386,0.8250610924,0.7623294566,-0.0214524841,-0.046573351,0.8221746421,0.1688088884,0.0894611958,0.0723535945,0.9277496127,0.7663103011,0.9479079322,0.4684310207,0.1591383093,0.7095214874
-0.2808090224,-0.3482817975,-0.8159265309,-0.4216089367,-0.3195482142,-0.5828772769,-0.6167567782,0.2865578577,1.6488938054,-1.0481776411,1.2403084951,-0.2378536921,-0.0107926334,-1.4308419119,-0.0519281358,-0.0341690569,0.8250556669,0.7624118821,-0.0214238168,-0.0464523885,0.8222258889,0.1688088884,0.0894507694,0.0722929807,0.9276405855,0.7664115215,0.9478924844,0.4683010174,0.1593312406,0.7096483781
-0.2801021845,-0.3487388191,-0.818142594,-0.4205228381,-0.317369959,-0.5862126216,-0.6154604895,0.2845397143,1.6470122222,-1.0472678586,1.2398760443,-0.2378526374,-0.0106823187,-1.4308420916,-0.0519281358,-0.0341690569,0.8250556669,0.7624118821,-0.0214238168,-0.0464523885,0.8222258889,0.1688088884,0.0894507694,0.0722929807,0.9276405855,0.7664115215,0.9478924844,0.4683010174,0.1593312406,0.7096483781
-0.2801021845,-0.3487388191,-0.818142594,-0.4205228381,-0.317369959,-0.5862126216,-0.6154604895,0.2825990487,1.645098701,-1.0465776871,1.2394997996,-0.2378520622,-0.0106063986,-1.4308420916,-0.052000048,-0.0337995581,0.8250954739,0.7623023412,-0.0214197109,-0.0465561438,0.8221552793,0.1688088884,0.0896370436,0.0722696491,0.9276104248,0.7663552059,0.9478169773,0.4683496791,0.1590756841,0.7095053851
-0.2797323153,-0.3495172807,-0.8196579375,-0.4196359098,-0.3162314782,-0.5890465505,-0.6139442294,0.2806976915,1.6431915314,-1.0460613468,1.2391952205,-0.2378510076,-0.0105464774,-1.4308419119,-0.052000048,-0.0337995581,0.8250954739,0.7623023412,-0.0214197109,-0.0465561438,0.8221552793,0.1688088884,0.0896370436,0.0722696491,0.9276104248,0.7663552059,0.9478169773,0.4683496791,0.1590756841,0.7095053851
-0.2797323153,-0.3495172807,-0.8196579375,-0.4196359098,-0.3162314782,-0.5890465505,-0.6139442294,0.2788440914,1.6412893952,-1.0456907346,1.2389685389,-0.2378505282,-0.0105055513,-1.4308419119,-0.051983026,-0.0340035315,0.8249804463,0.7623840969,-0.0214469292,-0.046513497,0.8221765751,0.1688088884,0.0894600896,0.0722603904,0.9275772735,0.7663612448,0.9480018411,0.4683900788,0.1594338391,0.7096232097
-0.2795211194,-0.3505819693,-0.8207463158,-0.4187536544,-0.3156534519,-0.5916281696,-0.6123596852,0.2770552063,1.6394042767,-1.0453602097,1.238799022,-0.2378499529,-0.0104581537,-1.4308419119,-0.051983026,-0.0340035315,0.8249804463,0.7623840969,-0.0214469292,-0.046513497,0.8221765751,0.1688088884,0.0894600896,0.0722603904,0.9275772735,0.7663612448,0.9480018411,0.4683900788,0.1594338391,0.7096232097
-0.2795211194,-0.3505819693,-0.8207463158,-0.4187536544,-0.3156534519,-0.5916281696,-0.6123596852,0.2754056975,1.6376161105,-1.0451050057,1.2386437064,-0.23784909,-0.0104329269,-1.4308419119,-0.051983026,-0.0340035315,0.8249804463,0.7623840969,-0.0214469292,-0.046513497,0.8221765751,0.1688088884,0.0894600896,0.0722603904,0.9275772735,0.7663612448,0.9480018411,0.4683900788,0.1594338391,0.7096232097
-0.2793678608,-0.3517237827,-0.821603438,-0.417861075,-0.3153493997,-0.5939471461,-0.6108794199,0.2738894534,1.6359081187,-1.0448955814,1.2384985176,-0.2378487066,-0.0103870273,-1.4308419119,-0.0518821502,-0.0339700198,0.8250324656,0.762336066,-0.0215323163,-0.04646249,0.8220889015,0.1688088884,0.0895383006,0.0723846181,0.9277887137,0.7664277602,0.9480730003,0.4683547629,0.1593227861,0.709702872
-0.2793678608,-0.3517237827,-0.821603438,-0.417861075,-0.3153493997,-0.5939471461,-0.6108794199,0.2725240307,1.6343252423,-1.0447119231,1.2383577029,-0.2378485148,-0.0103236308,-1.4308419119,-0.0518821502,-0.0339700198,0.8250324656,0.762336066,-0.0215323163,-0.04646249,0.8220889015,0.1688088884,0.0895383006,0.0723846181,0.9277887137,0.7664277602,0.9480730003,0.4683547629,0.1593227861,0.709702872
-0.2792496289,-0.3527416772,-0.8223130365,-0.4170457004,-0.3152111393,-0.5958831286,-0.609621291,0.2712836635,1.6328353035,-1.0445438443,1.2382592525,-0.2378469808,-0.0102829444,-1.4308419119,-0.0518891266,-0.0339262355,0.8250952827,0.7623611452,-0.0215209263,-0.0464672556,0.8220747757,0.1688088884,0.0894547515,0.0723707847,0.9277266515,0.7664291976,0.9479958315,0.4682628005,0.159046882,0.70928137
-0.2792496289,-0.3527416772,-0.8223130365,-0.4170457004,-0.3152111393,-0.5958831286,-0.609621291,0.2701407879,1.6314441148,-1.044377024,1.238229292,-0.2378457345,-0.0102547814,-1.4308420316,-0.0518891266,-0.0339262355,0.8250952827,0.7623611452,-0.0215209263,-0.0464672556,0.8220747757,0.1688088884,0.0894547515,0.0723707847,0.9277266515,0.7664291976,0.9479958315,0.4682628005,0.159046882,0.70928137
-0.2792496289,-0.3527416772,-0.8223130365,-0.4170457004,-0.3152111393,-0.5958831286,-0.609621291,0.2690729335,1.6302237012,-1.0442011554,1.2382049641,-0.2378437212,-0.0102350075,-1.4308417321,-0.0519210747,-0.0339518638,0.8250583333,0.7624938847,-0.0214305215,-0.0464817336,0.8220745608,0.1688088884,0.089517878,0.0723409618,0.9276984512,0.7663333838,0.9480476846,0.4684939538,0.1594685076,0.7095891264
-0.2791557727,-0.3535382488,-0.8228085464,-0.416402873,-0.3151257694,-0.597311273,-0.6087065303,0.2681337298,1.6291031762,-1.0439660249,1.2381869277,-0.2378402697,-0.010230813,-1.4308420316,-0.0519210747,-0.0339518638,0.8250583333,0.7624938847,-0.0214305215,-0.0464817336,0.8220745608,0.1688088884,0.089517878,0.0723409618,0.9276984512,0.7663333838,0.9480476846,0.4684939538,0.1594685076,0.7095891264
-0.2791557727,-0.3535382488,-0.8228085464,-0.416402873,-0.3151257694,-0.597311273,-0.6087065303,0.2673331836,1.6281002164,-1.0437157943,1.2381894445,-0.2378381604,-0.0102230832,-1.4308419119,-0.0519763251,-0.0341772629,0.8250602143,0.7624479711,-0.0215504689,-0.0464347878,0.8221276656,0.1688088884,0.0895694455,0.0724787779,0.927658546,0.7663880254,0.9480502299,0.468426493,0.1595225014,0.7094327803
-0.279017402,-0.3543769137,-0.8233316638,-0.4156378646,-0.3150091397,-0.5987310489,-0.6078943481,0.2666720138,1.6271951079,-1.0435066696,1.2381565477,-0.2378356678,-0.0102045076,-1.4308419119,-0.0519763251,-0.0341772629,0.8250602143,0.7624479711,-0.0215504689,-0.0464347878,0.8221276656,0.1688088884,0.0895694455,0.0724787779,0.927658546,0.7663880254,0.9480502299,0.468426493,0.1595225014,0.7094327803
-0.279017402,-0.3543769137,-0.8233316638,-0.4156378646,-0.3150091397,-0.5987310489,-0.6078943481,0.2661537561,1.6264248219,-1.0432324705,1.238141927,-0.2378343256,-0.0101823967,-1.4308420316,-0.0519534075,-0.0344383399,0.8250513284,0.7624926017,-0.0215644326,-0.0464870452,0.8222204156,0.1688088884,0.0894338903,0.0722606851,0.9275884587,0.7663360169,0.948007146,0.4684098178,0.1592624515,0.7095748577
-0.2788920731,-0.3548947821,-0.8237605132,-0.4150672937,-0.3148964694,-0.599652277,-0.6074343601,0.2657225038,1.6257487917,-1.0429774462,1.2381283848,-0.2378318327,-0.010170712,-1.4308420916,-0.0519534075,-0.0344383399,0.8250513284,0.7624926017,-0.0215644326,-0.0464870452,0.8222204156,0.1688088884,0.0894338903,0.0722606851,0.9275884587,0.7663360169,0.948007146,0.4684098178,0.1592624515,0.7095748577
-0.2788920731,-0.3548947821,-0.8237605132,-0.4150672937,-0.3148964694,-0.599652277,-0.6074343601,0.2653715457,1.6251733092,-1.0427341665,1.2381439044,-0.2378311617,-0.0101705323,-1.4308419717,-0.0519534075,-0.0344383399,0.8250513284,0.7624926017,-0.0215644326,-0.0464870452,0.8222204156,0.1688088884,0.0894338903,0.0722606851,0.9275884587,0.7663360169,0.948007146,0.4684098178,0.1592624515,0.7095748577
-0.2787769563,-0.3552711816,-0.8240874783,-0.4145950341,-0.3147970315,-0.6002799939,-0.6071883691,0.2651005224,1.6246967565,-1.042458709,1.2381504358,-0.2378303948,-0.0101705323,-1.4308420316,-0.0519365878,-0.0338631046,0.8251075732,0.7624335976,-0.0215779963,-0.046545914,0.8221657184,0.1688088884,0.0896633245,0.0724177023,0.9276661389,0.766469259,0.9480491169,0.468488542,0.1592513728,0.7094931131
